﻿Name;Größe;Vorname;Nachname;Downloads;Datum;Pfad
Abschlussarbeit-Anleitung.pdf;3381479;Günter;Partosch;3;"17.08.2020 20:18";Abschlussarbeit-Anleitung.pdf
Abschlussarbeit-Anleitung.zip;14845703;Günter;Partosch;2;"17.08.2020 20:17";Abschlussarbeit-Anleitung.zip
Abschlussarbeit-Test.zip;673627;Günter;Partosch;2;"17.08.2020 20:20";Abschlussarbeit-Test.zip
alle_Muster-TeX.pdf;109040;Günter;Partosch;0;"17.08.2020 20:22";alle_Muster-TeX.pdf
ams-math.zip;392171;Günter;Partosch;0;"17.08.2020 20:21";ams-math.zip
archive_filelist.csv;5023;Günter;Partosch;0;"17.08.2020 20:22";archive_filelist.csv
Artikel-Abschlussarbeit.pdf;510602;Günter;Partosch;1;"17.08.2020 20:20";Artikel-Abschlussarbeit.pdf
Beamer-Test2.zip;104131;Günter;Partosch;0;"17.08.2020 20:22";Beamer-Test2.zip
Beamer-Test.zip;5652404;Günter;Partosch;0;"17.08.2020 20:18";Beamer-Test.zip
Befehlsliste.pdf;134797;Günter;Partosch;0;"17.08.2020 20:21";Befehlsliste.pdf
BibLaTeX-Test-2.zip;13585191;Günter;Partosch;0;"17.08.2020 20:17";BibLaTeX-Test-2.zip
BibLaTeX-Test.zip;119991;Günter;Partosch;0;"17.08.2020 20:21";BibLaTeX-Test.zip
bibtex-test.zip;26515;Günter;Partosch;0;"17.08.2020 20:22";bibtex-test.zip
Bilder-Tabellen.zip;417770;Günter;Partosch;0;"17.08.2020 20:21";Bilder-Tabellen.zip
CiTavi-BibLaTeX.pdf;232982;Günter;Partosch;0;"17.08.2020 20:21";CiTavi-BibLaTeX.pdf
Citavi-BibLaTeX.zip;236007;Günter;Partosch;0;"17.08.2020 20:21";Citavi-BibLaTeX.zip
csquotes.zip;75569;Günter;Partosch;0;"17.08.2020 20:22";csquotes.zip
csv+bib.zip;493469;Günter;Partosch;1;"17.08.2020 20:20";csv+bib.zip
Diplomarbeit_mit_LaTeX.pdf;1528723;Günter;Partosch;0;"17.08.2020 20:20";Diplomarbeit_mit_LaTeX.pdf
diplomarbeit_mit_latex_v1.12_src.zip;773728;Günter;Partosch;0;"17.08.2020 20:20";diplomarbeit_mit_latex_v1.12_src.zip
DIV.zip;503686;Günter;Partosch;0;"17.08.2020 20:20";DIV.zip
dok-layout.pdf;31435;Günter;Partosch;0;"17.08.2020 20:22";dok-layout.pdf
Einfuehrung.zip;729621;Günter;Partosch;1;"17.08.2020 20:20";Einfuehrung.zip
Farbe.zip;21898;Günter;Partosch;0;"17.08.2020 20:22";Farbe.zip
gloss3.zip;118389;Günter;Partosch;0;"17.08.2020 20:21";gloss3.zip
Glossar-Test.zip;88452;Günter;Partosch;0;"17.08.2020 20:22";Glossar-Test.zip
Index.zip;36491;Günter;Partosch;0;"17.08.2020 20:22";Index.zip
internet-bibtex.pdf;292672;Günter;Partosch;0;"17.08.2020 20:21";internet-bibtex.pdf
Kriterien.pdf;193622;Günter;Partosch;0;"17.08.2020 20:21";Kriterien.pdf
Kriterien.zip;234279;Günter;Partosch;6;"17.08.2020 20:21";Kriterien.zip
l2kurz.pdf;841499;Günter;Partosch;0;"17.08.2020 20:20";l2kurz.pdf
LaTeX2PDF.pdf;416121;Günter;Partosch;1;"17.08.2020 20:21";LaTeX2PDF.pdf
LaTeX-kurz.zip;1043900;Günter;Partosch;1;"17.08.2020 20:20";LaTeX-kurz.zip
listen.pdf;691686;Günter;Partosch;0;"17.08.2020 20:20";listen.pdf
makros.zip;481818;Günter;Partosch;0;"17.08.2020 20:20";makros.zip
Makrotest.zip;465104;Günter;Partosch;0;"17.08.2020 20:20";Makrotest.zip
Mathe-Beispiele-Wien.zip;758971;Günter;Partosch;0;"17.08.2020 20:20";Mathe-Beispiele-Wien.zip
Muster.zip;3000842;Günter;Partosch;0;"17.08.2020 20:18";Muster.zip
ROS.zip;4516547;Günter;Partosch;0;"17.08.2020 20:18";ROS.zip
Schneewittchen.zip;351153;Günter;Partosch;0;"17.08.2020 20:21";Schneewittchen.zip
Symbols.pdf;261478;Günter;Partosch;0;"17.08.2020 20:21";Symbols.pdf
Textkategorien.pdf;26109;Günter;Partosch;0;"17.08.2020 20:22";Textkategorien.pdf
Titelseite.zip;34334;Günter;Partosch;0;"17.08.2020 20:22";Titelseite.zip
trennungen.pdf;618001;Günter;Partosch;0;"17.08.2020 20:20";trennungen.pdf
Uebungen.zip;5276909;Günter;Partosch;0;"17.08.2020 20:18";Uebungen.zip
varioref.zip;68107;Günter;Partosch;0;"17.08.2020 20:22";varioref.zip
Vortrag-Beamer.pdf;1249417;Günter;Partosch;0;"17.08.2020 20:20";Vortrag-Beamer.pdf
Vortrag-Beamer.zip;1745626;Günter;Partosch;0;"17.08.2020 20:20";Vortrag-Beamer.zip
Vortrag-BibTeX-KH.pdf;62344;Günter;Partosch;0;"17.08.2020 20:22";Vortrag-BibTeX-KH.pdf
Vortrag-Glossar.zip;508172;Günter;Partosch;0;"17.08.2020 20:20";Vortrag-Glossar.zip
Vortrag-Listen-Beispiele.zip;187330;Günter;Partosch;0;"17.08.2020 20:21";Vortrag-Listen-Beispiele.zip
Vortrag-Listen.zip;2221676;Günter;Partosch;0;"17.08.2020 20:18";Vortrag-Listen.zip
Vortrag-PythonTeX.zip;3627639;Günter;Partosch;0;"17.08.2020 20:18";Vortrag-PythonTeX.zip
Vortrag-Satzspiegel.zip;6958478;Günter;Partosch;0;"17.08.2020 20:18";Vortrag-Satzspiegel.zip
Vortrag-Trennungen.zip;819121;Günter;Partosch;0;"17.08.2020 20:20";Vortrag-Trennungen.zip
Vortrag-Ueberschriften-alles.pdf;1179375;Günter;Partosch;0;"17.08.2020 20:20";Vortrag-Ueberschriften-alles.pdf
Vortrag-Ueberschriften.zip;2558403;Günter;Partosch;0;"17.08.2020 20:18";Vortrag-Ueberschriften.zip
Vortrag-Zeilenabstand.zip;4041008;Günter;Partosch;0;"17.08.2020 20:18";Vortrag-Zeilenabstand.zip
wissArbeiten.zip;117452;Günter;Partosch;0;"17.08.2020 20:21";wissArbeiten.zip
Zeilenabstand-Beispiele.zip;95960;Günter;Partosch;0;"17.08.2020 20:22";Zeilenabstand-Beispiele.zip
Zitat.zip;104168;Günter;Partosch;0;"17.08.2020 20:22";Zitat.zip
